--------------------------------------------------------
-- Archivo creado  - jueves-julio-04-2019   
--------------------------------------------------------
--------------------------------------------------------
--  DDL for Sequence SECUENCIA_COTIZACION
--------------------------------------------------------

   CREATE SEQUENCE  "CASOVIALIS"."SECUENCIA_COTIZACION"  MINVALUE 1 MAXVALUE 9999999999999999999999999999 INCREMENT BY 1 START WITH 61 CACHE 20 NOORDER  NOCYCLE ;
--------------------------------------------------------
--  DDL for Sequence SECUENCIA_DOCUMENTO
--------------------------------------------------------

   CREATE SEQUENCE  "CASOVIALIS"."SECUENCIA_DOCUMENTO"  MINVALUE 1 MAXVALUE 9999999999999999999999999999 INCREMENT BY 1 START WITH 121 CACHE 20 NOORDER  NOCYCLE ;
--------------------------------------------------------
--  DDL for Sequence SECUENCIA_HERRAMIENTA
--------------------------------------------------------

   CREATE SEQUENCE  "CASOVIALIS"."SECUENCIA_HERRAMIENTA"  MINVALUE 1 MAXVALUE 9999999999999999999999999999 INCREMENT BY 1 START WITH 1 CACHE 20 NOORDER  NOCYCLE ;
--------------------------------------------------------
--  DDL for Sequence SECUENCIA_HISTORICO_PROYECTO
--------------------------------------------------------

   CREATE SEQUENCE  "CASOVIALIS"."SECUENCIA_HISTORICO_PROYECTO"  MINVALUE 1 MAXVALUE 9999999999999999999999999999 INCREMENT BY 1 START WITH 1 CACHE 20 NOORDER  NOCYCLE ;
--------------------------------------------------------
--  DDL for Sequence SECUENCIA_HITOS_PROYECTO
--------------------------------------------------------

   CREATE SEQUENCE  "CASOVIALIS"."SECUENCIA_HITOS_PROYECTO"  MINVALUE 1 MAXVALUE 9999999999999999999999999999 INCREMENT BY 1 START WITH 81 CACHE 20 NOORDER  NOCYCLE ;
--------------------------------------------------------
--  DDL for Sequence SECUENCIA_INSPECCION_PROYECTO
--------------------------------------------------------

   CREATE SEQUENCE  "CASOVIALIS"."SECUENCIA_INSPECCION_PROYECTO"  MINVALUE 1 MAXVALUE 9999999999999999999999999999 INCREMENT BY 1 START WITH 1 CACHE 20 NOORDER  NOCYCLE ;
--------------------------------------------------------
--  DDL for Sequence SECUENCIA_MAQUINARIA_PROYECTO
--------------------------------------------------------

   CREATE SEQUENCE  "CASOVIALIS"."SECUENCIA_MAQUINARIA_PROYECTO"  MINVALUE 1 MAXVALUE 9999999999999999999999999999 INCREMENT BY 1 START WITH 1 CACHE 20 NOORDER  NOCYCLE ;
--------------------------------------------------------
--  DDL for Sequence SECUENCIA_MATERIAL_PROYECTO
--------------------------------------------------------

   CREATE SEQUENCE  "CASOVIALIS"."SECUENCIA_MATERIAL_PROYECTO"  MINVALUE 1 MAXVALUE 9999999999999999999999999999 INCREMENT BY 1 START WITH 1 CACHE 20 NOORDER  NOCYCLE ;
--------------------------------------------------------
--  DDL for Sequence SECUENCIA_PEDIDO_MATERIAL
--------------------------------------------------------

   CREATE SEQUENCE  "CASOVIALIS"."SECUENCIA_PEDIDO_MATERIAL"  MINVALUE 1 MAXVALUE 9999999999999999999999999999 INCREMENT BY 1 START WITH 1 CACHE 20 NOORDER  NOCYCLE ;
--------------------------------------------------------
--  DDL for Sequence SECUENCIA_PROYECTO
--------------------------------------------------------

   CREATE SEQUENCE  "CASOVIALIS"."SECUENCIA_PROYECTO"  MINVALUE 1 MAXVALUE 9999999999999999999999999999 INCREMENT BY 1 START WITH 81 CACHE 20 NOORDER  NOCYCLE ;
--------------------------------------------------------
--  DDL for Sequence SECUENCIA_REUNION
--------------------------------------------------------

   CREATE SEQUENCE  "CASOVIALIS"."SECUENCIA_REUNION"  MINVALUE 1 MAXVALUE 9999999999999999999999999999 INCREMENT BY 1 START WITH 41 CACHE 20 NOORDER  NOCYCLE ;
--------------------------------------------------------
--  DDL for Sequence SECUENCIA_ROLES
--------------------------------------------------------

   CREATE SEQUENCE  "CASOVIALIS"."SECUENCIA_ROLES"  MINVALUE 1 MAXVALUE 9999999999999999999999999999 INCREMENT BY 1 START WITH 24 CACHE 20 NOORDER  NOCYCLE ;
--------------------------------------------------------
--  DDL for Sequence SECUENCIA_SEGUIMIENTO_PROYECTO
--------------------------------------------------------

   CREATE SEQUENCE  "CASOVIALIS"."SECUENCIA_SEGUIMIENTO_PROYECTO"  MINVALUE 1 MAXVALUE 9999999999999999999999999999 INCREMENT BY 1 START WITH 1 CACHE 20 NOORDER  NOCYCLE ;
--------------------------------------------------------
--  DDL for Sequence SECUENCIA_TRABAJADOR
--------------------------------------------------------

   CREATE SEQUENCE  "CASOVIALIS"."SECUENCIA_TRABAJADOR"  MINVALUE 1 MAXVALUE 9999999999999999999999999999 INCREMENT BY 1 START WITH 101 CACHE 20 NOORDER  NOCYCLE ;
--------------------------------------------------------
--  DDL for Sequence SECUENCIA_USUARIO
--------------------------------------------------------

   CREATE SEQUENCE  "CASOVIALIS"."SECUENCIA_USUARIO"  MINVALUE 1 MAXVALUE 9999999999999999999999999999 INCREMENT BY 1 START WITH 41 CACHE 20 NOORDER  NOCYCLE ;
--------------------------------------------------------
--  DDL for Table COTIZACION
--------------------------------------------------------

  CREATE TABLE "CASOVIALIS"."COTIZACION" 
   (	"ID" NUMBER(*,0), 
	"PROVEEDOR" VARCHAR2(255 BYTE), 
	"HERRAMIENTAS" VARCHAR2(255 BYTE), 
	"MATERIALES" VARCHAR2(255 BYTE), 
	"MAQUINARIA" VARCHAR2(255 BYTE), 
	"SERVICIO_EXTERNO" VARCHAR2(255 BYTE), 
	"ID_PROYECTO_RELACIONADO" NUMBER, 
	"ESTADO_COTIZACION" VARCHAR2(255 BYTE)
   ) SEGMENT CREATION IMMEDIATE 
  PCTFREE 10 PCTUSED 40 INITRANS 1 MAXTRANS 255 NOCOMPRESS LOGGING
  STORAGE(INITIAL 65536 NEXT 1048576 MINEXTENTS 1 MAXEXTENTS 2147483645
  PCTINCREASE 0 FREELISTS 1 FREELIST GROUPS 1 BUFFER_POOL DEFAULT FLASH_CACHE DEFAULT CELL_FLASH_CACHE DEFAULT)
  TABLESPACE "USERS" ;
--------------------------------------------------------
--  DDL for Table DOCUMENTO
--------------------------------------------------------

  CREATE TABLE "CASOVIALIS"."DOCUMENTO" 
   (	"ID" NUMBER(*,0), 
	"NOMBRE_DOCUMENTO" VARCHAR2(255 BYTE), 
	"TIPO_DOCUMENTO" VARCHAR2(255 BYTE), 
	"ID_TRABAJADOR" NUMBER, 
	"ID_PROYECTO" NUMBER, 
	"RUTA_DOCUMENTO" VARCHAR2(255 BYTE), 
	"ID_COTIZACION" NUMBER
   ) SEGMENT CREATION IMMEDIATE 
  PCTFREE 10 PCTUSED 40 INITRANS 1 MAXTRANS 255 NOCOMPRESS LOGGING
  STORAGE(INITIAL 65536 NEXT 1048576 MINEXTENTS 1 MAXEXTENTS 2147483645
  PCTINCREASE 0 FREELISTS 1 FREELIST GROUPS 1 BUFFER_POOL DEFAULT FLASH_CACHE DEFAULT CELL_FLASH_CACHE DEFAULT)
  TABLESPACE "USERS" ;
--------------------------------------------------------
--  DDL for Table HERRAMIENTA
--------------------------------------------------------

  CREATE TABLE "CASOVIALIS"."HERRAMIENTA" 
   (	"ID" NUMBER(*,0), 
	"NOMBRE_HERRAMIENTA" VARCHAR2(255 BYTE), 
	"TIPO_HERRAMIENTA" VARCHAR2(255 BYTE), 
	"COSTO_HERRAMIENTA" NUMBER(*,0), 
	"ESTADO_HERRAMIENTA" VARCHAR2(255 BYTE), 
	"STOCK_HERRAMIENTA" NUMBER(*,0), 
	"CODIGO_HERRAMIENTA" VARCHAR2(255 BYTE)
   ) SEGMENT CREATION DEFERRED 
  PCTFREE 10 PCTUSED 40 INITRANS 1 MAXTRANS 255 NOCOMPRESS LOGGING
  TABLESPACE "USERS" ;
--------------------------------------------------------
--  DDL for Table HISTORICO_PROYECTO
--------------------------------------------------------

  CREATE TABLE "CASOVIALIS"."HISTORICO_PROYECTO" 
   (	"ID" NUMBER(*,0), 
	"NOMBRE_HISTORICO" VARCHAR2(255 BYTE), 
	"ESTADO_HISTORICO" VARCHAR2(255 BYTE), 
	"ID_PROYECTO" NUMBER(*,0)
   ) SEGMENT CREATION DEFERRED 
  PCTFREE 10 PCTUSED 40 INITRANS 1 MAXTRANS 255 NOCOMPRESS LOGGING
  TABLESPACE "USERS" ;
--------------------------------------------------------
--  DDL for Table HITO
--------------------------------------------------------

  CREATE TABLE "CASOVIALIS"."HITO" 
   (	"ID" NUMBER(*,0), 
	"NOMBRE_HITO" VARCHAR2(255 BYTE), 
	"FECHA_HITO" DATE, 
	"ID_PROYECTO" NUMBER(*,0)
   ) SEGMENT CREATION IMMEDIATE 
  PCTFREE 10 PCTUSED 40 INITRANS 1 MAXTRANS 255 NOCOMPRESS LOGGING
  STORAGE(INITIAL 65536 NEXT 1048576 MINEXTENTS 1 MAXEXTENTS 2147483645
  PCTINCREASE 0 FREELISTS 1 FREELIST GROUPS 1 BUFFER_POOL DEFAULT FLASH_CACHE DEFAULT CELL_FLASH_CACHE DEFAULT)
  TABLESPACE "USERS" ;
--------------------------------------------------------
--  DDL for Table INSPECCION_PROYECTO
--------------------------------------------------------

  CREATE TABLE "CASOVIALIS"."INSPECCION_PROYECTO" 
   (	"ID" NUMBER(*,0), 
	"ESTADO_PROYECTO" VARCHAR2(255 BYTE), 
	"ENCARGADO_INSPECCION" VARCHAR2(255 BYTE), 
	"ID_PROYECTO" NUMBER(*,0)
   ) SEGMENT CREATION DEFERRED 
  PCTFREE 10 PCTUSED 40 INITRANS 1 MAXTRANS 255 NOCOMPRESS LOGGING
  TABLESPACE "USERS" ;
--------------------------------------------------------
--  DDL for Table MAQUINARIA
--------------------------------------------------------

  CREATE TABLE "CASOVIALIS"."MAQUINARIA" 
   (	"ID" NUMBER(*,0), 
	"NOMBRE_MAQUINARIA" VARCHAR2(255 BYTE), 
	"TIPO_MAQUINARIA" VARCHAR2(255 BYTE), 
	"COSTO_MAQUINARIA" NUMBER(*,0), 
	"STOCK_MAQUINARIA" NUMBER(*,0), 
	"CODIGO_MAQUINARIA" VARCHAR2(255 BYTE)
   ) SEGMENT CREATION DEFERRED 
  PCTFREE 10 PCTUSED 40 INITRANS 1 MAXTRANS 255 NOCOMPRESS LOGGING
  TABLESPACE "USERS" ;
--------------------------------------------------------
--  DDL for Table MATERIAL
--------------------------------------------------------

  CREATE TABLE "CASOVIALIS"."MATERIAL" 
   (	"ID" NUMBER(*,0), 
	"NOMBRE_MATERIAL" VARCHAR2(255 BYTE), 
	"TIPO_MATERIAL" VARCHAR2(255 BYTE), 
	"COSTO_MATERIAL" NUMBER(*,0), 
	"ESTADO_MATERIAL" VARCHAR2(255 BYTE), 
	"STOCK_MATERIAL" NUMBER(*,0), 
	"CODIGO_MATERIAL" VARCHAR2(255 BYTE)
   ) SEGMENT CREATION DEFERRED 
  PCTFREE 10 PCTUSED 40 INITRANS 1 MAXTRANS 255 NOCOMPRESS LOGGING
  TABLESPACE "USERS" ;
--------------------------------------------------------
--  DDL for Table PEDIDO_MATERIAL
--------------------------------------------------------

  CREATE TABLE "CASOVIALIS"."PEDIDO_MATERIAL" 
   (	"ID" NUMBER(*,0), 
	"ID_MATERIAL" NUMBER(*,0), 
	"ID_PROYECTO" NUMBER(*,0), 
	"ID_HERRAMIENTA" NUMBER(*,0), 
	"ID_MAQUINARIA" NUMBER(*,0)
   ) SEGMENT CREATION DEFERRED 
  PCTFREE 10 PCTUSED 40 INITRANS 1 MAXTRANS 255 NOCOMPRESS LOGGING
  TABLESPACE "USERS" ;
--------------------------------------------------------
--  DDL for Table PROYECTO
--------------------------------------------------------

  CREATE TABLE "CASOVIALIS"."PROYECTO" 
   (	"ID" NUMBER(*,0), 
	"NOMBRE_PROYECTO" VARCHAR2(255 BYTE), 
	"TIPO_PROYECTO" VARCHAR2(255 BYTE), 
	"ESTADO_PROYECTO" VARCHAR2(255 BYTE), 
	"ENCARGADO_PROYECTO" VARCHAR2(255 BYTE), 
	"DIRECCION_PROYECTO" VARCHAR2(255 BYTE)
   ) SEGMENT CREATION IMMEDIATE 
  PCTFREE 10 PCTUSED 40 INITRANS 1 MAXTRANS 255 NOCOMPRESS LOGGING
  STORAGE(INITIAL 65536 NEXT 1048576 MINEXTENTS 1 MAXEXTENTS 2147483645
  PCTINCREASE 0 FREELISTS 1 FREELIST GROUPS 1 BUFFER_POOL DEFAULT FLASH_CACHE DEFAULT CELL_FLASH_CACHE DEFAULT)
  TABLESPACE "USERS" ;
--------------------------------------------------------
--  DDL for Table REUNION
--------------------------------------------------------

  CREATE TABLE "CASOVIALIS"."REUNION" 
   (	"ID" NUMBER(*,0), 
	"ESTADO_REUNION" VARCHAR2(255 BYTE), 
	"FECHA_REUNION" DATE, 
	"LUGAR_REUNION" VARCHAR2(255 BYTE), 
	"ENCARGADO_REUNION" VARCHAR2(255 BYTE), 
	"ID_PROYECTO" NUMBER, 
	"DESCRIPCION_INICIAL" VARCHAR2(255 BYTE), 
	"DESCRIPCION_FINAL" VARCHAR2(255 BYTE), 
	"HORA" NUMBER, 
	"MINUTO" NUMBER
   ) SEGMENT CREATION IMMEDIATE 
  PCTFREE 10 PCTUSED 40 INITRANS 1 MAXTRANS 255 NOCOMPRESS LOGGING
  STORAGE(INITIAL 65536 NEXT 1048576 MINEXTENTS 1 MAXEXTENTS 2147483645
  PCTINCREASE 0 FREELISTS 1 FREELIST GROUPS 1 BUFFER_POOL DEFAULT FLASH_CACHE DEFAULT CELL_FLASH_CACHE DEFAULT)
  TABLESPACE "USERS" ;
--------------------------------------------------------
--  DDL for Table ROLES
--------------------------------------------------------

  CREATE TABLE "CASOVIALIS"."ROLES" 
   (	"ID" NUMBER, 
	"NOMBRE_ROL" VARCHAR2(255 BYTE)
   ) SEGMENT CREATION IMMEDIATE 
  PCTFREE 10 PCTUSED 40 INITRANS 1 MAXTRANS 255 NOCOMPRESS LOGGING
  STORAGE(INITIAL 65536 NEXT 1048576 MINEXTENTS 1 MAXEXTENTS 2147483645
  PCTINCREASE 0 FREELISTS 1 FREELIST GROUPS 1 BUFFER_POOL DEFAULT FLASH_CACHE DEFAULT CELL_FLASH_CACHE DEFAULT)
  TABLESPACE "USERS" ;
--------------------------------------------------------
--  DDL for Table SEGUIMIENTO_PROYECTO
--------------------------------------------------------

  CREATE TABLE "CASOVIALIS"."SEGUIMIENTO_PROYECTO" 
   (	"ID" NUMBER(*,0), 
	"ESTADO_SEGUIMIENTO_PROYECTO" VARCHAR2(255 BYTE), 
	"ID_PROYECTO" NUMBER(*,0)
   ) SEGMENT CREATION DEFERRED 
  PCTFREE 10 PCTUSED 40 INITRANS 1 MAXTRANS 255 NOCOMPRESS LOGGING
  TABLESPACE "USERS" ;
--------------------------------------------------------
--  DDL for Table TRABAJADOR
--------------------------------------------------------

  CREATE TABLE "CASOVIALIS"."TRABAJADOR" 
   (	"ID" NUMBER(*,0), 
	"NOMBRE_TRABAJADOR" VARCHAR2(255 BYTE), 
	"APELLIDO_TRABAJADOR" VARCHAR2(255 BYTE), 
	"RUT_TRABAJADOR" NUMBER(*,0), 
	"DV_TRABAJADOR" VARCHAR2(255 BYTE), 
	"ESTADO_CIVIL_TRABAJADOR" VARCHAR2(255 BYTE), 
	"DIRECCION_TRABAJADOR" VARCHAR2(255 BYTE), 
	"TELEFONO_TRABAJADOR" NUMBER(*,0), 
	"ESTADO_TRABAJADOR" VARCHAR2(255 BYTE), 
	"NACIONALIDAD_TRABAJADOR" VARCHAR2(255 BYTE), 
	"CONDICION_EXTRANJERO_TRAB" VARCHAR2(255 BYTE), 
	"ESPECIALIDAD_TRABAJADOR" VARCHAR2(255 BYTE), 
	"RESPONSABILIDAD" VARCHAR2(255 BYTE), 
	"SUELDO" NUMBER
   ) SEGMENT CREATION IMMEDIATE 
  PCTFREE 10 PCTUSED 40 INITRANS 1 MAXTRANS 255 NOCOMPRESS LOGGING
  STORAGE(INITIAL 65536 NEXT 1048576 MINEXTENTS 1 MAXEXTENTS 2147483645
  PCTINCREASE 0 FREELISTS 1 FREELIST GROUPS 1 BUFFER_POOL DEFAULT FLASH_CACHE DEFAULT CELL_FLASH_CACHE DEFAULT)
  TABLESPACE "USERS" ;
--------------------------------------------------------
--  DDL for Table USUARIO
--------------------------------------------------------

  CREATE TABLE "CASOVIALIS"."USUARIO" 
   (	"ID" NUMBER(*,0), 
	"NOMBRE_USUARIO" VARCHAR2(255 BYTE), 
	"PASSWORD_USUARIO" VARCHAR2(255 BYTE), 
	"ID_TRABAJADOR" NUMBER(*,0), 
	"ID_ROL" NUMBER
   ) SEGMENT CREATION IMMEDIATE 
  PCTFREE 10 PCTUSED 40 INITRANS 1 MAXTRANS 255 NOCOMPRESS LOGGING
  STORAGE(INITIAL 65536 NEXT 1048576 MINEXTENTS 1 MAXEXTENTS 2147483645
  PCTINCREASE 0 FREELISTS 1 FREELIST GROUPS 1 BUFFER_POOL DEFAULT FLASH_CACHE DEFAULT CELL_FLASH_CACHE DEFAULT)
  TABLESPACE "USERS" ;
REM INSERTING into CASOVIALIS.COTIZACION
SET DEFINE OFF;
Insert into CASOVIALIS.COTIZACION (ID,PROVEEDOR,HERRAMIENTAS,MATERIALES,MAQUINARIA,SERVICIO_EXTERNO,ID_PROYECTO_RELACIONADO,ESTADO_COTIZACION) values ('34','SIN PROVEEDOR','HERRAMIENTAS','MATERIALES','MAQUINARIA','NA','27','RECHAZADA');
Insert into CASOVIALIS.COTIZACION (ID,PROVEEDOR,HERRAMIENTAS,MATERIALES,MAQUINARIA,SERVICIO_EXTERNO,ID_PROYECTO_RELACIONADO,ESTADO_COTIZACION) values ('35','HERRAMIENTA S.A','HERRAMIENTAS','MATERIALES','MAQUINARIA','NA','26','ENVIADA');
Insert into CASOVIALIS.COTIZACION (ID,PROVEEDOR,HERRAMIENTAS,MATERIALES,MAQUINARIA,SERVICIO_EXTERNO,ID_PROYECTO_RELACIONADO,ESTADO_COTIZACION) values ('24','CONSTRUCTORA S.A','HERRAMIENTAS','MATERIALES','MAQUINARIA','NA','21','RECHAZADA');
Insert into CASOVIALIS.COTIZACION (ID,PROVEEDOR,HERRAMIENTAS,MATERIALES,MAQUINARIA,SERVICIO_EXTERNO,ID_PROYECTO_RELACIONADO,ESTADO_COTIZACION) values ('25','HERRAMIENTA S.A','HERRAMIENTAS','MATERIALES','MAQUINARIA','NA','26','ENVIADA');
Insert into CASOVIALIS.COTIZACION (ID,PROVEEDOR,HERRAMIENTAS,MATERIALES,MAQUINARIA,SERVICIO_EXTERNO,ID_PROYECTO_RELACIONADO,ESTADO_COTIZACION) values ('36','HERRAMIENTA S.A','HERRAMIENTAS','MATERIALES','MAQUINARIA','NA','26','ENVIADA');
Insert into CASOVIALIS.COTIZACION (ID,PROVEEDOR,HERRAMIENTAS,MATERIALES,MAQUINARIA,SERVICIO_EXTERNO,ID_PROYECTO_RELACIONADO,ESTADO_COTIZACION) values ('41','CONSTRUCTORA S.A','HERRAMIENTAS','MATERIALES','MAQUINARIA','NA','41','ENVIADA');
REM INSERTING into CASOVIALIS.DOCUMENTO
SET DEFINE OFF;
Insert into CASOVIALIS.DOCUMENTO (ID,NOMBRE_DOCUMENTO,TIPO_DOCUMENTO,ID_TRABAJADOR,ID_PROYECTO,RUTA_DOCUMENTO,ID_COTIZACION) values ('68','DOCUMENTO DE PRUEBA','TXT','49','0','SPRINT10.txt','33');
Insert into CASOVIALIS.DOCUMENTO (ID,NOMBRE_DOCUMENTO,TIPO_DOCUMENTO,ID_TRABAJADOR,ID_PROYECTO,RUTA_DOCUMENTO,ID_COTIZACION) values ('71','QA','PDF','0','0','Clean Code.pdf','33');
Insert into CASOVIALIS.DOCUMENTO (ID,NOMBRE_DOCUMENTO,TIPO_DOCUMENTO,ID_TRABAJADOR,ID_PROYECTO,RUTA_DOCUMENTO,ID_COTIZACION) values ('65','DOCUMENTO DE PRUEBA 2','JPG','1','23','movistar_1.jpg','32');
Insert into CASOVIALIS.DOCUMENTO (ID,NOMBRE_DOCUMENTO,TIPO_DOCUMENTO,ID_TRABAJADOR,ID_PROYECTO,RUTA_DOCUMENTO,ID_COTIZACION) values ('70','QA','PDF','0','0','Clean Code-Codigo Limpio.pdf','32');
Insert into CASOVIALIS.DOCUMENTO (ID,NOMBRE_DOCUMENTO,TIPO_DOCUMENTO,ID_TRABAJADOR,ID_PROYECTO,RUTA_DOCUMENTO,ID_COTIZACION) values ('72','QA2','JPG','0','0','bg.jpg','34');
Insert into CASOVIALIS.DOCUMENTO (ID,NOMBRE_DOCUMENTO,TIPO_DOCUMENTO,ID_TRABAJADOR,ID_PROYECTO,RUTA_DOCUMENTO,ID_COTIZACION) values ('81','QA','WORD','0','0','MC-323-INFO-321 (1).pdf','41');
Insert into CASOVIALIS.DOCUMENTO (ID,NOMBRE_DOCUMENTO,TIPO_DOCUMENTO,ID_TRABAJADOR,ID_PROYECTO,RUTA_DOCUMENTO,ID_COTIZACION) values ('106','DOCUMENTO DE PRUEBA','PDF','0','0','MC-323-INFO-321 (1).pdf','24');
Insert into CASOVIALIS.DOCUMENTO (ID,NOMBRE_DOCUMENTO,TIPO_DOCUMENTO,ID_TRABAJADOR,ID_PROYECTO,RUTA_DOCUMENTO,ID_COTIZACION) values ('66','DOCUMENTO DE PRUEBA 1','POWERPOINT','49','23','Spike.pptx','34');
Insert into CASOVIALIS.DOCUMENTO (ID,NOMBRE_DOCUMENTO,TIPO_DOCUMENTO,ID_TRABAJADOR,ID_PROYECTO,RUTA_DOCUMENTO,ID_COTIZACION) values ('69','QA','QA','1','1','QA','32');
Insert into CASOVIALIS.DOCUMENTO (ID,NOMBRE_DOCUMENTO,TIPO_DOCUMENTO,ID_TRABAJADOR,ID_PROYECTO,RUTA_DOCUMENTO,ID_COTIZACION) values ('102','DOCUMENTO DE PRUEBA','PDF','0','0','MC-323-INFO-321 (1).pdf','25');
REM INSERTING into CASOVIALIS.HERRAMIENTA
SET DEFINE OFF;
REM INSERTING into CASOVIALIS.HISTORICO_PROYECTO
SET DEFINE OFF;
REM INSERTING into CASOVIALIS.HITO
SET DEFINE OFF;
Insert into CASOVIALIS.HITO (ID,NOMBRE_HITO,FECHA_HITO,ID_PROYECTO) values ('45','Hito Prueba',to_date('30/06/19','DD/MM/RR'),'21');
Insert into CASOVIALIS.HITO (ID,NOMBRE_HITO,FECHA_HITO,ID_PROYECTO) values ('1','CREACIÓN DEL PROYECTO',to_date('01/06/19','DD/MM/RR'),'27');
Insert into CASOVIALIS.HITO (ID,NOMBRE_HITO,FECHA_HITO,ID_PROYECTO) values ('42','Caso de Uso Alto',to_date('14/06/19','DD/MM/RR'),'24');
Insert into CASOVIALIS.HITO (ID,NOMBRE_HITO,FECHA_HITO,ID_PROYECTO) values ('47','CREACIÓN DEL PROYECTO',to_date('08/06/19','DD/MM/RR'),'41');
Insert into CASOVIALIS.HITO (ID,NOMBRE_HITO,FECHA_HITO,ID_PROYECTO) values ('48','Primer Caso de Uso',to_date('09/06/19','DD/MM/RR'),'41');
Insert into CASOVIALIS.HITO (ID,NOMBRE_HITO,FECHA_HITO,ID_PROYECTO) values ('62','CREACIÓN DEL PROYECTO',to_date('14/06/19','DD/MM/RR'),'61');
Insert into CASOVIALIS.HITO (ID,NOMBRE_HITO,FECHA_HITO,ID_PROYECTO) values ('63','BMPN 1.0',to_date('14/06/19','DD/MM/RR'),'21');
Insert into CASOVIALIS.HITO (ID,NOMBRE_HITO,FECHA_HITO,ID_PROYECTO) values ('2','Reunion inicial con Cliente',to_date('02/06/19','DD/MM/RR'),'27');
Insert into CASOVIALIS.HITO (ID,NOMBRE_HITO,FECHA_HITO,ID_PROYECTO) values ('3','Recopilación de Requerimientos',to_date('03/06/19','DD/MM/RR'),'27');
Insert into CASOVIALIS.HITO (ID,NOMBRE_HITO,FECHA_HITO,ID_PROYECTO) values ('4','Creación inicial de Caso de Uso',to_date('03/06/19','DD/MM/RR'),'27');
Insert into CASOVIALIS.HITO (ID,NOMBRE_HITO,FECHA_HITO,ID_PROYECTO) values ('5','CREACIÓN DEL PROYECTO',to_date('01/06/19','DD/MM/RR'),'3');
Insert into CASOVIALIS.HITO (ID,NOMBRE_HITO,FECHA_HITO,ID_PROYECTO) values ('6','Reunion inicial con Cliente',to_date('02/06/19','DD/MM/RR'),'3');
Insert into CASOVIALIS.HITO (ID,NOMBRE_HITO,FECHA_HITO,ID_PROYECTO) values ('7','Recopilación de Requerimientos',to_date('03/06/19','DD/MM/RR'),'3');
Insert into CASOVIALIS.HITO (ID,NOMBRE_HITO,FECHA_HITO,ID_PROYECTO) values ('8','Creación inicial de Caso de Uso',to_date('03/06/19','DD/MM/RR'),'3');
Insert into CASOVIALIS.HITO (ID,NOMBRE_HITO,FECHA_HITO,ID_PROYECTO) values ('9','CREACIÓN DEL PROYECTO',to_date('01/06/19','DD/MM/RR'),'21');
Insert into CASOVIALIS.HITO (ID,NOMBRE_HITO,FECHA_HITO,ID_PROYECTO) values ('10','Reunion inicial con Cliente',to_date('02/06/19','DD/MM/RR'),'21');
Insert into CASOVIALIS.HITO (ID,NOMBRE_HITO,FECHA_HITO,ID_PROYECTO) values ('11','Recopilación de Requerimientos',to_date('03/06/19','DD/MM/RR'),'21');
Insert into CASOVIALIS.HITO (ID,NOMBRE_HITO,FECHA_HITO,ID_PROYECTO) values ('12','Creación inicial de Caso de Uso',to_date('03/06/19','DD/MM/RR'),'21');
Insert into CASOVIALIS.HITO (ID,NOMBRE_HITO,FECHA_HITO,ID_PROYECTO) values ('13','CREACIÓN DEL PROYECTO',to_date('01/06/19','DD/MM/RR'),'22');
Insert into CASOVIALIS.HITO (ID,NOMBRE_HITO,FECHA_HITO,ID_PROYECTO) values ('14','Reunion inicial con Cliente',to_date('02/06/19','DD/MM/RR'),'22');
Insert into CASOVIALIS.HITO (ID,NOMBRE_HITO,FECHA_HITO,ID_PROYECTO) values ('15','Recopilación de Requerimientos',to_date('03/06/19','DD/MM/RR'),'22');
Insert into CASOVIALIS.HITO (ID,NOMBRE_HITO,FECHA_HITO,ID_PROYECTO) values ('16','Creación inicial de Caso de Uso',to_date('03/06/19','DD/MM/RR'),'22');
Insert into CASOVIALIS.HITO (ID,NOMBRE_HITO,FECHA_HITO,ID_PROYECTO) values ('17','CREACIÓN DEL PROYECTO',to_date('01/06/19','DD/MM/RR'),'23');
Insert into CASOVIALIS.HITO (ID,NOMBRE_HITO,FECHA_HITO,ID_PROYECTO) values ('18','Reunion inicial con Cliente',to_date('02/06/19','DD/MM/RR'),'23');
Insert into CASOVIALIS.HITO (ID,NOMBRE_HITO,FECHA_HITO,ID_PROYECTO) values ('19','Recopilación de Requerimientos',to_date('03/06/19','DD/MM/RR'),'23');
Insert into CASOVIALIS.HITO (ID,NOMBRE_HITO,FECHA_HITO,ID_PROYECTO) values ('20','Creación inicial de Caso de Uso',to_date('03/06/19','DD/MM/RR'),'23');
Insert into CASOVIALIS.HITO (ID,NOMBRE_HITO,FECHA_HITO,ID_PROYECTO) values ('21','CREACIÓN DEL PROYECTO',to_date('01/06/19','DD/MM/RR'),'24');
Insert into CASOVIALIS.HITO (ID,NOMBRE_HITO,FECHA_HITO,ID_PROYECTO) values ('22','Reunion inicial con Cliente',to_date('02/06/19','DD/MM/RR'),'24');
Insert into CASOVIALIS.HITO (ID,NOMBRE_HITO,FECHA_HITO,ID_PROYECTO) values ('23','Recopilación de Requerimientos',to_date('03/06/19','DD/MM/RR'),'24');
Insert into CASOVIALIS.HITO (ID,NOMBRE_HITO,FECHA_HITO,ID_PROYECTO) values ('24','Creación inicial de Caso de Uso',to_date('03/06/19','DD/MM/RR'),'24');
Insert into CASOVIALIS.HITO (ID,NOMBRE_HITO,FECHA_HITO,ID_PROYECTO) values ('25','CREACIÓN DEL PROYECTO',to_date('01/06/19','DD/MM/RR'),'25');
Insert into CASOVIALIS.HITO (ID,NOMBRE_HITO,FECHA_HITO,ID_PROYECTO) values ('26','Reunion inicial con Cliente',to_date('02/06/19','DD/MM/RR'),'25');
Insert into CASOVIALIS.HITO (ID,NOMBRE_HITO,FECHA_HITO,ID_PROYECTO) values ('27','Recopilación de Requerimientos',to_date('03/06/19','DD/MM/RR'),'25');
Insert into CASOVIALIS.HITO (ID,NOMBRE_HITO,FECHA_HITO,ID_PROYECTO) values ('28','Creación inicial de Caso de Uso',to_date('03/06/19','DD/MM/RR'),'24');
Insert into CASOVIALIS.HITO (ID,NOMBRE_HITO,FECHA_HITO,ID_PROYECTO) values ('29','CREACIÓN DEL PROYECTO',to_date('01/06/19','DD/MM/RR'),'26');
Insert into CASOVIALIS.HITO (ID,NOMBRE_HITO,FECHA_HITO,ID_PROYECTO) values ('30','Reunion inicial con Cliente',to_date('02/06/19','DD/MM/RR'),'26');
Insert into CASOVIALIS.HITO (ID,NOMBRE_HITO,FECHA_HITO,ID_PROYECTO) values ('31','Recopilación de Requerimientos',to_date('03/06/19','DD/MM/RR'),'25');
Insert into CASOVIALIS.HITO (ID,NOMBRE_HITO,FECHA_HITO,ID_PROYECTO) values ('32','Creación inicial de Caso de Uso',to_date('03/06/19','DD/MM/RR'),'26');
Insert into CASOVIALIS.HITO (ID,NOMBRE_HITO,FECHA_HITO,ID_PROYECTO) values ('33','Presentación de Caso de Uso',to_date('06/06/19','DD/MM/RR'),'3');
Insert into CASOVIALIS.HITO (ID,NOMBRE_HITO,FECHA_HITO,ID_PROYECTO) values ('50','Caso Final 1.0',to_date('12/06/19','DD/MM/RR'),'23');
Insert into CASOVIALIS.HITO (ID,NOMBRE_HITO,FECHA_HITO,ID_PROYECTO) values ('41','Caso de Uso Alto',to_date('06/06/19','DD/MM/RR'),'3');
Insert into CASOVIALIS.HITO (ID,NOMBRE_HITO,FECHA_HITO,ID_PROYECTO) values ('43','Caso de Uso Alto',to_date('14/06/19','DD/MM/RR'),'24');
Insert into CASOVIALIS.HITO (ID,NOMBRE_HITO,FECHA_HITO,ID_PROYECTO) values ('44','Caso de Uso Alto',to_date('20/06/19','DD/MM/RR'),'24');
REM INSERTING into CASOVIALIS.INSPECCION_PROYECTO
SET DEFINE OFF;
REM INSERTING into CASOVIALIS.MAQUINARIA
SET DEFINE OFF;
REM INSERTING into CASOVIALIS.MATERIAL
SET DEFINE OFF;
REM INSERTING into CASOVIALIS.PEDIDO_MATERIAL
SET DEFINE OFF;
REM INSERTING into CASOVIALIS.PROYECTO
SET DEFINE OFF;
Insert into CASOVIALIS.PROYECTO (ID,NOMBRE_PROYECTO,TIPO_PROYECTO,ESTADO_PROYECTO,ENCARGADO_PROYECTO,DIRECCION_PROYECTO) values ('27','RURALES POR EL PUEBLO #2','RURAL','ENESPERA','Pedro Pablo Hernandez','Jose Donoso #11037');
Insert into CASOVIALIS.PROYECTO (ID,NOMBRE_PROYECTO,TIPO_PROYECTO,ESTADO_PROYECTO,ENCARGADO_PROYECTO,DIRECCION_PROYECTO) values ('41','PROYECTO DUOC LTDA.','RURAL','ENESPERA','Felipe Cubillos Maldonado','Duoc UC Puente Alto');
Insert into CASOVIALIS.PROYECTO (ID,NOMBRE_PROYECTO,TIPO_PROYECTO,ESTADO_PROYECTO,ENCARGADO_PROYECTO,DIRECCION_PROYECTO) values ('61','PROYECTO DUOC UC.','AUTOPISTA','ENESPERA','Felipe Cubillos Maldonado','Duoc UC Puente Alto');
Insert into CASOVIALIS.PROYECTO (ID,NOMBRE_PROYECTO,TIPO_PROYECTO,ESTADO_PROYECTO,ENCARGADO_PROYECTO,DIRECCION_PROYECTO) values ('21','CONSTRUCCION STREET 21','URBANO','ACTIVO','VIALIS S.A','Joaquin #434');
Insert into CASOVIALIS.PROYECTO (ID,NOMBRE_PROYECTO,TIPO_PROYECTO,ESTADO_PROYECTO,ENCARGADO_PROYECTO,DIRECCION_PROYECTO) values ('22','STREET RURAL 56','URBANO','ACTIVO','CONSTRUCCION LTDA.','Pedrero #110');
Insert into CASOVIALIS.PROYECTO (ID,NOMBRE_PROYECTO,TIPO_PROYECTO,ESTADO_PROYECTO,ENCARGADO_PROYECTO,DIRECCION_PROYECTO) values ('23','URBANO STREET','URBANO','ACTIVO','CONSTRUMART LTDA.','Exequiel #5660');
Insert into CASOVIALIS.PROYECTO (ID,NOMBRE_PROYECTO,TIPO_PROYECTO,ESTADO_PROYECTO,ENCARGADO_PROYECTO,DIRECCION_PROYECTO) values ('24','URBANO CONSTR. #5656','URBANO','ACTIVO','URBANO S.A','Guardia Vieja #2323');
Insert into CASOVIALIS.PROYECTO (ID,NOMBRE_PROYECTO,TIPO_PROYECTO,ESTADO_PROYECTO,ENCARGADO_PROYECTO,DIRECCION_PROYECTO) values ('25','RURAL CONSTR. #1923','RURAL','ACTIVO','RURAL.S.A','Fernandez #2370');
Insert into CASOVIALIS.PROYECTO (ID,NOMBRE_PROYECTO,TIPO_PROYECTO,ESTADO_PROYECTO,ENCARGADO_PROYECTO,DIRECCION_PROYECTO) values ('3','CASO VIALIS INICIAL','URBANO','ACTIVO','EMPRESA S.A','Nueva #221');
Insert into CASOVIALIS.PROYECTO (ID,NOMBRE_PROYECTO,TIPO_PROYECTO,ESTADO_PROYECTO,ENCARGADO_PROYECTO,DIRECCION_PROYECTO) values ('26','PROYECTO BUEN CIUDADANO #5655','URBANO','ACTIVO','CIUDAD LTDA.','Ciudad Empresarial #2222');
REM INSERTING into CASOVIALIS.REUNION
SET DEFINE OFF;
Insert into CASOVIALIS.REUNION (ID,ESTADO_REUNION,FECHA_REUNION,LUGAR_REUNION,ENCARGADO_REUNION,ID_PROYECTO,DESCRIPCION_INICIAL,DESCRIPCION_FINAL,HORA,MINUTO) values ('4','AGENDADA',to_date('31/05/19','DD/MM/RR'),'SALA B, PISO 28.','Rodrigo Canales Diaz','3','Proyecto Inicial Street','MUTUO ACUERDO POR AMBAS PARTES, SE LLEGA A COMPROMISO DE COMENZAR LOS TRABAJOS EN 2019.','16','45');
Insert into CASOVIALIS.REUNION (ID,ESTADO_REUNION,FECHA_REUNION,LUGAR_REUNION,ENCARGADO_REUNION,ID_PROYECTO,DESCRIPCION_INICIAL,DESCRIPCION_FINAL,HORA,MINUTO) values ('3','FINALIZADA',to_date('15/06/19','DD/MM/RR'),'SALA D, PISO 18.','PEDRO MUJICA HERNANDEZ','21','Lobby','MUTUO ACUERDO POR AMBAS PARTES, SE LLEGA A COMPROMISO DE COMENZAR LOS TRABAJOS EN 2020.','16','45');
Insert into CASOVIALIS.REUNION (ID,ESTADO_REUNION,FECHA_REUNION,LUGAR_REUNION,ENCARGADO_REUNION,ID_PROYECTO,DESCRIPCION_INICIAL,DESCRIPCION_FINAL,HORA,MINUTO) values ('5','AGENDADA',to_date('06/07/19','DD/MM/RR'),'SALA H, PISO 20.','Franco Carvajal Alvarez','21','Ventas','MUTUO ACUERDO POR AMBAS PARTES, SE LLEGA A COMPROMISO DE COMENZAR LOS TRABAJOS EN 2021.','16','45');
Insert into CASOVIALIS.REUNION (ID,ESTADO_REUNION,FECHA_REUNION,LUGAR_REUNION,ENCARGADO_REUNION,ID_PROYECTO,DESCRIPCION_INICIAL,DESCRIPCION_FINAL,HORA,MINUTO) values ('21','AGENDADA',to_date('24/05/19','DD/MM/RR'),'SALA A, PISO 10.','Rodrigo Canales Diaz','23','Proyecto Inicial ','MUTUO ACUERDO POR AMBAS PARTES, SE LLEGA A COMPROMISO DE COMENZAR LOS TRABAJOS EN 2021.','12','21');
Insert into CASOVIALIS.REUNION (ID,ESTADO_REUNION,FECHA_REUNION,LUGAR_REUNION,ENCARGADO_REUNION,ID_PROYECTO,DESCRIPCION_INICIAL,DESCRIPCION_FINAL,HORA,MINUTO) values ('22','AGENDADA',to_date('25/05/19','DD/MM/RR'),'SALA B, PISO 12.','Rodrigo Canales Diaz','23','Lobby Proyecto.','MUTUO ACUERDO POR AMBAS PARTES, SE LLEGA A COMPROMISO DE COMENZAR LOS TRABAJOS EN 2021.','13','30');
Insert into CASOVIALIS.REUNION (ID,ESTADO_REUNION,FECHA_REUNION,LUGAR_REUNION,ENCARGADO_REUNION,ID_PROYECTO,DESCRIPCION_INICIAL,DESCRIPCION_FINAL,HORA,MINUTO) values ('23','FINALIZADA',to_date('26/05/19','DD/MM/RR'),'SALA C, PISO 13.','Rodrigo Canales Diaz','3','Proyecto Segunda Fase Vialis','MUTUO ACUERDO POR AMBAS PARTES, SE LLEGA A COMPROMISO DE COMENZAR LOS TRABAJOS EN 2021.','14','15');
Insert into CASOVIALIS.REUNION (ID,ESTADO_REUNION,FECHA_REUNION,LUGAR_REUNION,ENCARGADO_REUNION,ID_PROYECTO,DESCRIPCION_INICIAL,DESCRIPCION_FINAL,HORA,MINUTO) values ('24','ANULADA',to_date('27/05/19','DD/MM/RR'),'SALA D, PISO 14.','Rodrigo Canales Diaz','3','Proyecto Tercera Fase Vialis','MUTUO ACUERDO POR AMBAS PARTES, SE LLEGA A COMPROMISO DE COMENZAR LOS TRABAJOS EN 2021.','15','25');
Insert into CASOVIALIS.REUNION (ID,ESTADO_REUNION,FECHA_REUNION,LUGAR_REUNION,ENCARGADO_REUNION,ID_PROYECTO,DESCRIPCION_INICIAL,DESCRIPCION_FINAL,HORA,MINUTO) values ('25','AGENDADA',to_date('28/05/19','DD/MM/RR'),'SALA E, PISO 15.','Rodrigo Canales Diaz','3','Proyecto Cuarta Fase Vialis','MUTUO ACUERDO POR AMBAS PARTES, SE LLEGA A COMPROMISO DE COMENZAR LOS TRABAJOS EN 2021.','16','50');
Insert into CASOVIALIS.REUNION (ID,ESTADO_REUNION,FECHA_REUNION,LUGAR_REUNION,ENCARGADO_REUNION,ID_PROYECTO,DESCRIPCION_INICIAL,DESCRIPCION_FINAL,HORA,MINUTO) values ('26','FINALIZADA',to_date('29/05/19','DD/MM/RR'),'SALA F, PISO 16.','Rodrigo Canales Diaz','3','Proyecto Acuerdos Vialis','MUTUO ACUERDO POR AMBAS PARTES, SE LLEGA A COMPROMISO DE COMENZAR LOS TRABAJOS EN 2021.','17','10');
Insert into CASOVIALIS.REUNION (ID,ESTADO_REUNION,FECHA_REUNION,LUGAR_REUNION,ENCARGADO_REUNION,ID_PROYECTO,DESCRIPCION_INICIAL,DESCRIPCION_FINAL,HORA,MINUTO) values ('27','AGENDADA',to_date('23/05/19','DD/MM/RR'),'SALA G, PISO 17.','Rodrigo Canales Diaz','3','Proyecto mas acuerdos Vialis','MUTUO ACUERDO POR AMBAS PARTES, SE LLEGA A COMPROMISO DE COMENZAR LOS TRABAJOS EN 2021.','10','20');
Insert into CASOVIALIS.REUNION (ID,ESTADO_REUNION,FECHA_REUNION,LUGAR_REUNION,ENCARGADO_REUNION,ID_PROYECTO,DESCRIPCION_INICIAL,DESCRIPCION_FINAL,HORA,MINUTO) values ('28','AGENDADA',to_date('01/06/19','DD/MM/RR'),'SALA H, PISO 18.','Rodrigo Canales Diaz','21','Proyecto Inicial Vialis','MUTUO ACUERDO POR AMBAS PARTES, SE LLEGA A COMPROMISO DE COMENZAR LOS TRABAJOS EN 2021.','11','55');
Insert into CASOVIALIS.REUNION (ID,ESTADO_REUNION,FECHA_REUNION,LUGAR_REUNION,ENCARGADO_REUNION,ID_PROYECTO,DESCRIPCION_INICIAL,DESCRIPCION_FINAL,HORA,MINUTO) values ('29','FINALIZADA',to_date('03/06/19','DD/MM/RR'),'SALA I, PISO 19.','Rodrigo Canales Diaz','21','Proyecto Inicial Vialis','MUTUO ACUERDO POR AMBAS PARTES, SE LLEGA A COMPROMISO DE COMENZAR LOS TRABAJOS EN 2021.','13','10');
Insert into CASOVIALIS.REUNION (ID,ESTADO_REUNION,FECHA_REUNION,LUGAR_REUNION,ENCARGADO_REUNION,ID_PROYECTO,DESCRIPCION_INICIAL,DESCRIPCION_FINAL,HORA,MINUTO) values ('30','AGENDADA',to_date('05/06/19','DD/MM/RR'),'SALA J, PISO 11.','Rodrigo Canales Diaz','21','Proyecto Inicial Vialis','MUTUO ACUERDO POR AMBAS PARTES, SE LLEGA A COMPROMISO DE COMENZAR LOS TRABAJOS EN 2021.','12','21');
Insert into CASOVIALIS.REUNION (ID,ESTADO_REUNION,FECHA_REUNION,LUGAR_REUNION,ENCARGADO_REUNION,ID_PROYECTO,DESCRIPCION_INICIAL,DESCRIPCION_FINAL,HORA,MINUTO) values ('31','AGENDADA',to_date('07/06/19','DD/MM/RR'),'SALA K, PISO 3.','Rodrigo Canales Diaz','21','Proyecto Inicial Vialis','MUTUO ACUERDO POR AMBAS PARTES, SE LLEGA A COMPROMISO DE COMENZAR LOS TRABAJOS EN 2021.','11','21');
Insert into CASOVIALIS.REUNION (ID,ESTADO_REUNION,FECHA_REUNION,LUGAR_REUNION,ENCARGADO_REUNION,ID_PROYECTO,DESCRIPCION_INICIAL,DESCRIPCION_FINAL,HORA,MINUTO) values ('32','ANULADA',to_date('10/06/19','DD/MM/RR'),'SALA L, PISO 5.','Rodrigo Canales Diaz','23','Proyecto Inicial Vialis','MUTUO ACUERDO POR AMBAS PARTES, SE LLEGA A COMPROMISO DE COMENZAR LOS TRABAJOS EN 2021.','11','21');
Insert into CASOVIALIS.REUNION (ID,ESTADO_REUNION,FECHA_REUNION,LUGAR_REUNION,ENCARGADO_REUNION,ID_PROYECTO,DESCRIPCION_INICIAL,DESCRIPCION_FINAL,HORA,MINUTO) values ('33','ANULADA',to_date('12/06/19','DD/MM/RR'),'SALA M, PISO 6.','Rodrigo Canales Diaz','23','Proyecto Inicial Vialis','MUTUO ACUERDO POR AMBAS PARTES, SE LLEGA A COMPROMISO DE COMENZAR LOS TRABAJOS EN 2021.','15','21');
Insert into CASOVIALIS.REUNION (ID,ESTADO_REUNION,FECHA_REUNION,LUGAR_REUNION,ENCARGADO_REUNION,ID_PROYECTO,DESCRIPCION_INICIAL,DESCRIPCION_FINAL,HORA,MINUTO) values ('6','ANULADA',to_date('23/05/19','DD/MM/RR'),'SALA A, PISO 7.','Rodrigo Canales Diaz','23','Proyecto Inicial Vialis','MUTUO ACUERDO POR AMBAS PARTES, SE LLEGA A COMPROMISO DE COMENZAR LOS TRABAJOS EN 2021.','16','21');
REM INSERTING into CASOVIALIS.ROLES
SET DEFINE OFF;
Insert into CASOVIALIS.ROLES (ID,NOMBRE_ROL) values ('1','ADMIN');
Insert into CASOVIALIS.ROLES (ID,NOMBRE_ROL) values ('2','CLIENTE');
Insert into CASOVIALIS.ROLES (ID,NOMBRE_ROL) values ('3','TRABAJADOR');
Insert into CASOVIALIS.ROLES (ID,NOMBRE_ROL) values ('4','EXTERNO');
REM INSERTING into CASOVIALIS.SEGUIMIENTO_PROYECTO
SET DEFINE OFF;
REM INSERTING into CASOVIALIS.TRABAJADOR
SET DEFINE OFF;
Insert into CASOVIALIS.TRABAJADOR (ID,NOMBRE_TRABAJADOR,APELLIDO_TRABAJADOR,RUT_TRABAJADOR,DV_TRABAJADOR,ESTADO_CIVIL_TRABAJADOR,DIRECCION_TRABAJADOR,TELEFONO_TRABAJADOR,ESTADO_TRABAJADOR,NACIONALIDAD_TRABAJADOR,CONDICION_EXTRANJERO_TRAB,ESPECIALIDAD_TRABAJADOR,RESPONSABILIDAD,SUELDO) values ('19','Javier','Campos','19673846','1','CASADO','Pablo VI 0689','958765455','ACTIVO','CHILENA','NA','INFORMATICO','INFORMATICO','720000');
Insert into CASOVIALIS.TRABAJADOR (ID,NOMBRE_TRABAJADOR,APELLIDO_TRABAJADOR,RUT_TRABAJADOR,DV_TRABAJADOR,ESTADO_CIVIL_TRABAJADOR,DIRECCION_TRABAJADOR,TELEFONO_TRABAJADOR,ESTADO_TRABAJADOR,NACIONALIDAD_TRABAJADOR,CONDICION_EXTRANJERO_TRAB,ESPECIALIDAD_TRABAJADOR,RESPONSABILIDAD,SUELDO) values ('21','Erick','Monsalve','19572612','2','CASADO','Pablo VI 0689','958765455','ACTIVO','CHILENA','NA','INFORMATICO','INFORMATICO','730000');
Insert into CASOVIALIS.TRABAJADOR (ID,NOMBRE_TRABAJADOR,APELLIDO_TRABAJADOR,RUT_TRABAJADOR,DV_TRABAJADOR,ESTADO_CIVIL_TRABAJADOR,DIRECCION_TRABAJADOR,TELEFONO_TRABAJADOR,ESTADO_TRABAJADOR,NACIONALIDAD_TRABAJADOR,CONDICION_EXTRANJERO_TRAB,ESPECIALIDAD_TRABAJADOR,RESPONSABILIDAD,SUELDO) values ('49','Felipe','Cubillos','19572618','k','VIUDO','DuocUC','958765455','ACTIVO','ARGENTINO','VISA TRABAJO','CONTADOR AUDITOR','INFORMATICO','740000');
Insert into CASOVIALIS.TRABAJADOR (ID,NOMBRE_TRABAJADOR,APELLIDO_TRABAJADOR,RUT_TRABAJADOR,DV_TRABAJADOR,ESTADO_CIVIL_TRABAJADOR,DIRECCION_TRABAJADOR,TELEFONO_TRABAJADOR,ESTADO_TRABAJADOR,NACIONALIDAD_TRABAJADOR,CONDICION_EXTRANJERO_TRAB,ESPECIALIDAD_TRABAJADOR,RESPONSABILIDAD,SUELDO) values ('61','Loreto Andrea','Osses Carriel','12471612','8','SOLTERO','Duoc UC #2323','95876545','ACTIVO','CHILENA','NA','INFORMATICA','INFORMATICO','750000');
Insert into CASOVIALIS.TRABAJADOR (ID,NOMBRE_TRABAJADOR,APELLIDO_TRABAJADOR,RUT_TRABAJADOR,DV_TRABAJADOR,ESTADO_CIVIL_TRABAJADOR,DIRECCION_TRABAJADOR,TELEFONO_TRABAJADOR,ESTADO_TRABAJADOR,NACIONALIDAD_TRABAJADOR,CONDICION_EXTRANJERO_TRAB,ESPECIALIDAD_TRABAJADOR,RESPONSABILIDAD,SUELDO) values ('81','Federico Antonio','Tottue Hernandez','12471617','8','CASADO','Duoc UC #2323','23232323','ACTIVO','CHILENA','NA','INFORMATICA','RR.HH','500030');
Insert into CASOVIALIS.TRABAJADOR (ID,NOMBRE_TRABAJADOR,APELLIDO_TRABAJADOR,RUT_TRABAJADOR,DV_TRABAJADOR,ESTADO_CIVIL_TRABAJADOR,DIRECCION_TRABAJADOR,TELEFONO_TRABAJADOR,ESTADO_TRABAJADOR,NACIONALIDAD_TRABAJADOR,CONDICION_EXTRANJERO_TRAB,ESPECIALIDAD_TRABAJADOR,RESPONSABILIDAD,SUELDO) values ('1','Francisco','Maldonado','19572617','3','SOLTERO','Pablo VI 0689','958765455','ACTIVO','CHILENA','NA','INFORMATICO','INFORMATICO','550000');
Insert into CASOVIALIS.TRABAJADOR (ID,NOMBRE_TRABAJADOR,APELLIDO_TRABAJADOR,RUT_TRABAJADOR,DV_TRABAJADOR,ESTADO_CIVIL_TRABAJADOR,DIRECCION_TRABAJADOR,TELEFONO_TRABAJADOR,ESTADO_TRABAJADOR,NACIONALIDAD_TRABAJADOR,CONDICION_EXTRANJERO_TRAB,ESPECIALIDAD_TRABAJADOR,RESPONSABILIDAD,SUELDO) values ('42','José','Mosart','12673673','k','SOLTERO','Pablo VI 0689','958765455','ACTIVO','CHILENA','NA','INFORMATICO','INFORMATICO','770000');
Insert into CASOVIALIS.TRABAJADOR (ID,NOMBRE_TRABAJADOR,APELLIDO_TRABAJADOR,RUT_TRABAJADOR,DV_TRABAJADOR,ESTADO_CIVIL_TRABAJADOR,DIRECCION_TRABAJADOR,TELEFONO_TRABAJADOR,ESTADO_TRABAJADOR,NACIONALIDAD_TRABAJADOR,CONDICION_EXTRANJERO_TRAB,ESPECIALIDAD_TRABAJADOR,RESPONSABILIDAD,SUELDO) values ('43','Anibal','Calafate','12232673','2','SOLTERO','Pablo VI 0689','958765455','ACTIVO','CHILENA','NA','INFORMATICO','INFORMATICO','780000');
Insert into CASOVIALIS.TRABAJADOR (ID,NOMBRE_TRABAJADOR,APELLIDO_TRABAJADOR,RUT_TRABAJADOR,DV_TRABAJADOR,ESTADO_CIVIL_TRABAJADOR,DIRECCION_TRABAJADOR,TELEFONO_TRABAJADOR,ESTADO_TRABAJADOR,NACIONALIDAD_TRABAJADOR,CONDICION_EXTRANJERO_TRAB,ESPECIALIDAD_TRABAJADOR,RESPONSABILIDAD,SUELDO) values ('44','Jose','Mosart','12112673','2','SOLTERO','Pablo VI 0689','958765455','ACTIVO','CHILENA','NA','INFORMATICO','INFORMATICO','790000');
Insert into CASOVIALIS.TRABAJADOR (ID,NOMBRE_TRABAJADOR,APELLIDO_TRABAJADOR,RUT_TRABAJADOR,DV_TRABAJADOR,ESTADO_CIVIL_TRABAJADOR,DIRECCION_TRABAJADOR,TELEFONO_TRABAJADOR,ESTADO_TRABAJADOR,NACIONALIDAD_TRABAJADOR,CONDICION_EXTRANJERO_TRAB,ESPECIALIDAD_TRABAJADOR,RESPONSABILIDAD,SUELDO) values ('45','Jose','Mosart','12273673','5','SOLTERO','Pablo VI 0689','958765455','ACTIVO','CHILENA','NA','INFORMATICO','INFORMATICO','800000');
Insert into CASOVIALIS.TRABAJADOR (ID,NOMBRE_TRABAJADOR,APELLIDO_TRABAJADOR,RUT_TRABAJADOR,DV_TRABAJADOR,ESTADO_CIVIL_TRABAJADOR,DIRECCION_TRABAJADOR,TELEFONO_TRABAJADOR,ESTADO_TRABAJADOR,NACIONALIDAD_TRABAJADOR,CONDICION_EXTRANJERO_TRAB,ESPECIALIDAD_TRABAJADOR,RESPONSABILIDAD,SUELDO) values ('46','José','Mosart','19973623','7','SOLTERO','Pablo VI 0689','958765455','ACTIVO','CHILENA','NA','INFORMATICO','INFORMATICO','810000');
Insert into CASOVIALIS.TRABAJADOR (ID,NOMBRE_TRABAJADOR,APELLIDO_TRABAJADOR,RUT_TRABAJADOR,DV_TRABAJADOR,ESTADO_CIVIL_TRABAJADOR,DIRECCION_TRABAJADOR,TELEFONO_TRABAJADOR,ESTADO_TRABAJADOR,NACIONALIDAD_TRABAJADOR,CONDICION_EXTRANJERO_TRAB,ESPECIALIDAD_TRABAJADOR,RESPONSABILIDAD,SUELDO) values ('47','José','Mosart','16673473','2','SOLTERO','Pablo VI 0689','958765455','ACTIVO','CHILENA','NA','INFORMATICO','INFORMATICO','820000');
Insert into CASOVIALIS.TRABAJADOR (ID,NOMBRE_TRABAJADOR,APELLIDO_TRABAJADOR,RUT_TRABAJADOR,DV_TRABAJADOR,ESTADO_CIVIL_TRABAJADOR,DIRECCION_TRABAJADOR,TELEFONO_TRABAJADOR,ESTADO_TRABAJADOR,NACIONALIDAD_TRABAJADOR,CONDICION_EXTRANJERO_TRAB,ESPECIALIDAD_TRABAJADOR,RESPONSABILIDAD,SUELDO) values ('48','José','Mosart','11673673','k','SOLTERO','Pablo VI 0689','958765455','ACTIVO','CHILENA','NA','INFORMATICO','INFORMATICO','830000');
REM INSERTING into CASOVIALIS.USUARIO
SET DEFINE OFF;
Insert into CASOVIALIS.USUARIO (ID,NOMBRE_USUARIO,PASSWORD_USUARIO,ID_TRABAJADOR,ID_ROL) values ('21','QA','12673673','42','3');
Insert into CASOVIALIS.USUARIO (ID,NOMBRE_USUARIO,PASSWORD_USUARIO,ID_TRABAJADOR,ID_ROL) values ('1','admin','admin','42','4');
--------------------------------------------------------
--  DDL for Index ID_PROYECTO_PK
--------------------------------------------------------

  CREATE UNIQUE INDEX "CASOVIALIS"."ID_PROYECTO_PK" ON "CASOVIALIS"."PROYECTO" ("ID") 
  PCTFREE 10 INITRANS 2 MAXTRANS 255 COMPUTE STATISTICS 
  STORAGE(INITIAL 65536 NEXT 1048576 MINEXTENTS 1 MAXEXTENTS 2147483645
  PCTINCREASE 0 FREELISTS 1 FREELIST GROUPS 1 BUFFER_POOL DEFAULT FLASH_CACHE DEFAULT CELL_FLASH_CACHE DEFAULT)
  TABLESPACE "USERS" ;
--------------------------------------------------------
--  DDL for Index ID_USUARIO_PK
--------------------------------------------------------

  CREATE UNIQUE INDEX "CASOVIALIS"."ID_USUARIO_PK" ON "CASOVIALIS"."USUARIO" ("ID") 
  PCTFREE 10 INITRANS 2 MAXTRANS 255 COMPUTE STATISTICS 
  STORAGE(INITIAL 65536 NEXT 1048576 MINEXTENTS 1 MAXEXTENTS 2147483645
  PCTINCREASE 0 FREELISTS 1 FREELIST GROUPS 1 BUFFER_POOL DEFAULT FLASH_CACHE DEFAULT CELL_FLASH_CACHE DEFAULT)
  TABLESPACE "USERS" ;
--------------------------------------------------------
--  DDL for Index ID_HISTORICO_PROYECTO_PK
--------------------------------------------------------

  CREATE UNIQUE INDEX "CASOVIALIS"."ID_HISTORICO_PROYECTO_PK" ON "CASOVIALIS"."HISTORICO_PROYECTO" ("ID") 
  PCTFREE 10 INITRANS 2 MAXTRANS 255 COMPUTE STATISTICS NOCOMPRESS LOGGING
  TABLESPACE "USERS" ;
--------------------------------------------------------
--  DDL for Index ID_INSPECCION_PK
--------------------------------------------------------

  CREATE UNIQUE INDEX "CASOVIALIS"."ID_INSPECCION_PK" ON "CASOVIALIS"."INSPECCION_PROYECTO" ("ID") 
  PCTFREE 10 INITRANS 2 MAXTRANS 255 COMPUTE STATISTICS NOCOMPRESS LOGGING
  TABLESPACE "USERS" ;
--------------------------------------------------------
--  DDL for Index ID_DOCUMENTO_PK
--------------------------------------------------------

  CREATE UNIQUE INDEX "CASOVIALIS"."ID_DOCUMENTO_PK" ON "CASOVIALIS"."DOCUMENTO" ("ID") 
  PCTFREE 10 INITRANS 2 MAXTRANS 255 COMPUTE STATISTICS 
  STORAGE(INITIAL 65536 NEXT 1048576 MINEXTENTS 1 MAXEXTENTS 2147483645
  PCTINCREASE 0 FREELISTS 1 FREELIST GROUPS 1 BUFFER_POOL DEFAULT FLASH_CACHE DEFAULT CELL_FLASH_CACHE DEFAULT)
  TABLESPACE "USERS" ;
--------------------------------------------------------
--  DDL for Index ID_MATERIAL_PK
--------------------------------------------------------

  CREATE UNIQUE INDEX "CASOVIALIS"."ID_MATERIAL_PK" ON "CASOVIALIS"."MATERIAL" ("ID") 
  PCTFREE 10 INITRANS 2 MAXTRANS 255 COMPUTE STATISTICS NOCOMPRESS LOGGING
  TABLESPACE "USERS" ;
--------------------------------------------------------
--  DDL for Index ID_REUNION_PK
--------------------------------------------------------

  CREATE UNIQUE INDEX "CASOVIALIS"."ID_REUNION_PK" ON "CASOVIALIS"."REUNION" ("ID") 
  PCTFREE 10 INITRANS 2 MAXTRANS 255 COMPUTE STATISTICS 
  STORAGE(INITIAL 65536 NEXT 1048576 MINEXTENTS 1 MAXEXTENTS 2147483645
  PCTINCREASE 0 FREELISTS 1 FREELIST GROUPS 1 BUFFER_POOL DEFAULT FLASH_CACHE DEFAULT CELL_FLASH_CACHE DEFAULT)
  TABLESPACE "USERS" ;
--------------------------------------------------------
--  DDL for Index ID_SEGUIMIENTO_PK
--------------------------------------------------------

  CREATE UNIQUE INDEX "CASOVIALIS"."ID_SEGUIMIENTO_PK" ON "CASOVIALIS"."SEGUIMIENTO_PROYECTO" ("ID") 
  PCTFREE 10 INITRANS 2 MAXTRANS 255 COMPUTE STATISTICS NOCOMPRESS LOGGING
  TABLESPACE "USERS" ;
--------------------------------------------------------
--  DDL for Index ID_PK
--------------------------------------------------------

  CREATE UNIQUE INDEX "CASOVIALIS"."ID_PK" ON "CASOVIALIS"."COTIZACION" ("ID") 
  PCTFREE 10 INITRANS 2 MAXTRANS 255 COMPUTE STATISTICS 
  STORAGE(INITIAL 65536 NEXT 1048576 MINEXTENTS 1 MAXEXTENTS 2147483645
  PCTINCREASE 0 FREELISTS 1 FREELIST GROUPS 1 BUFFER_POOL DEFAULT FLASH_CACHE DEFAULT CELL_FLASH_CACHE DEFAULT)
  TABLESPACE "USERS" ;
--------------------------------------------------------
--  DDL for Index ID_MAQUINARIA_PK
--------------------------------------------------------

  CREATE UNIQUE INDEX "CASOVIALIS"."ID_MAQUINARIA_PK" ON "CASOVIALIS"."MAQUINARIA" ("ID") 
  PCTFREE 10 INITRANS 2 MAXTRANS 255 COMPUTE STATISTICS NOCOMPRESS LOGGING
  TABLESPACE "USERS" ;
--------------------------------------------------------
--  DDL for Index ID_HERRAMIENTA_PK
--------------------------------------------------------

  CREATE UNIQUE INDEX "CASOVIALIS"."ID_HERRAMIENTA_PK" ON "CASOVIALIS"."HERRAMIENTA" ("ID") 
  PCTFREE 10 INITRANS 2 MAXTRANS 255 COMPUTE STATISTICS NOCOMPRESS LOGGING
  TABLESPACE "USERS" ;
--------------------------------------------------------
--  DDL for Index ID_HITO_PK
--------------------------------------------------------

  CREATE UNIQUE INDEX "CASOVIALIS"."ID_HITO_PK" ON "CASOVIALIS"."HITO" ("ID") 
  PCTFREE 10 INITRANS 2 MAXTRANS 255 COMPUTE STATISTICS 
  STORAGE(INITIAL 65536 NEXT 1048576 MINEXTENTS 1 MAXEXTENTS 2147483645
  PCTINCREASE 0 FREELISTS 1 FREELIST GROUPS 1 BUFFER_POOL DEFAULT FLASH_CACHE DEFAULT CELL_FLASH_CACHE DEFAULT)
  TABLESPACE "USERS" ;
--------------------------------------------------------
--  DDL for Index ROLES_PK
--------------------------------------------------------

  CREATE UNIQUE INDEX "CASOVIALIS"."ROLES_PK" ON "CASOVIALIS"."ROLES" ("ID") 
  PCTFREE 10 INITRANS 2 MAXTRANS 255 COMPUTE STATISTICS 
  STORAGE(INITIAL 65536 NEXT 1048576 MINEXTENTS 1 MAXEXTENTS 2147483645
  PCTINCREASE 0 FREELISTS 1 FREELIST GROUPS 1 BUFFER_POOL DEFAULT FLASH_CACHE DEFAULT CELL_FLASH_CACHE DEFAULT)
  TABLESPACE "USERS" ;
--------------------------------------------------------
--  DDL for Index ID_PEDIDO_MATERIAL_PK
--------------------------------------------------------

  CREATE UNIQUE INDEX "CASOVIALIS"."ID_PEDIDO_MATERIAL_PK" ON "CASOVIALIS"."PEDIDO_MATERIAL" ("ID") 
  PCTFREE 10 INITRANS 2 MAXTRANS 255 COMPUTE STATISTICS NOCOMPRESS LOGGING
  TABLESPACE "USERS" ;
--------------------------------------------------------
--  DDL for Index ID_TRABAJADOR_PK
--------------------------------------------------------

  CREATE UNIQUE INDEX "CASOVIALIS"."ID_TRABAJADOR_PK" ON "CASOVIALIS"."TRABAJADOR" ("ID") 
  PCTFREE 10 INITRANS 2 MAXTRANS 255 COMPUTE STATISTICS 
  STORAGE(INITIAL 65536 NEXT 1048576 MINEXTENTS 1 MAXEXTENTS 2147483645
  PCTINCREASE 0 FREELISTS 1 FREELIST GROUPS 1 BUFFER_POOL DEFAULT FLASH_CACHE DEFAULT CELL_FLASH_CACHE DEFAULT)
  TABLESPACE "USERS" ;
--------------------------------------------------------
--  DDL for Trigger TRIGGER_COTIZACION_ID
--------------------------------------------------------

  CREATE OR REPLACE TRIGGER "CASOVIALIS"."TRIGGER_COTIZACION_ID" 
BEFORE INSERT ON COTIZACION
REFERENCING NEW AS NEW FOR EACH ROW
DECLARE valorSecuencia NUMBER := 0;
BEGIN
SELECT SECUENCIA_COTIZACION.NEXTVAL INTO valorSecuencia FROM DUAL;
:NEW.Id := valorSecuencia;
END;
/
ALTER TRIGGER "CASOVIALIS"."TRIGGER_COTIZACION_ID" ENABLE;
--------------------------------------------------------
--  DDL for Trigger TRIGGER_DOCUMENTO_ID
--------------------------------------------------------

  CREATE OR REPLACE TRIGGER "CASOVIALIS"."TRIGGER_DOCUMENTO_ID" 
BEFORE INSERT ON DOCUMENTO
REFERENCING NEW AS NEW FOR EACH ROW
DECLARE valorSecuencia NUMBER := 0;
BEGIN
SELECT SECUENCIA_DOCUMENTO.NEXTVAL INTO valorSecuencia FROM DUAL;
:NEW.Id := valorSecuencia;
END;
/
ALTER TRIGGER "CASOVIALIS"."TRIGGER_DOCUMENTO_ID" ENABLE;
--------------------------------------------------------
--  DDL for Trigger TRIGGER_HERRAMIENTA_ID
--------------------------------------------------------

  CREATE OR REPLACE TRIGGER "CASOVIALIS"."TRIGGER_HERRAMIENTA_ID" 
BEFORE INSERT ON HERRAMIENTA
REFERENCING NEW AS NEW FOR EACH ROW
DECLARE valorSecuencia NUMBER := 0;
BEGIN
SELECT SECUENCIA_HERRAMIENTA.NEXTVAL INTO valorSecuencia FROM DUAL;
:NEW.Id := valorSecuencia;
END;
/
ALTER TRIGGER "CASOVIALIS"."TRIGGER_HERRAMIENTA_ID" ENABLE;
--------------------------------------------------------
--  DDL for Trigger TRIGGER_HISTORICO_PROYECTO_ID
--------------------------------------------------------

  CREATE OR REPLACE TRIGGER "CASOVIALIS"."TRIGGER_HISTORICO_PROYECTO_ID" 
BEFORE INSERT ON HISTORICO_PROYECTO
REFERENCING NEW AS NEW FOR EACH ROW
DECLARE valorSecuencia NUMBER := 0;
BEGIN
SELECT SECUENCIA_HISTORICO_PROYECTO.NEXTVAL INTO valorSecuencia FROM DUAL;
:NEW.Id := valorSecuencia;
END;
/
ALTER TRIGGER "CASOVIALIS"."TRIGGER_HISTORICO_PROYECTO_ID" ENABLE;
--------------------------------------------------------
--  DDL for Trigger TRIGGER_HITOS_PROYECTO_ID
--------------------------------------------------------

  CREATE OR REPLACE TRIGGER "CASOVIALIS"."TRIGGER_HITOS_PROYECTO_ID" 
BEFORE INSERT ON HITO
REFERENCING NEW AS NEW FOR EACH ROW
DECLARE valorSecuencia NUMBER := 0;
BEGIN
SELECT SECUENCIA_HITOS_PROYECTO.NEXTVAL INTO valorSecuencia FROM DUAL;
:NEW.Id := valorSecuencia;
END;
/
ALTER TRIGGER "CASOVIALIS"."TRIGGER_HITOS_PROYECTO_ID" ENABLE;
--------------------------------------------------------
--  DDL for Trigger TRIGGER_INSPECCION_PROYECTO_ID
--------------------------------------------------------

  CREATE OR REPLACE TRIGGER "CASOVIALIS"."TRIGGER_INSPECCION_PROYECTO_ID" 
BEFORE INSERT ON INSPECCION_PROYECTO
REFERENCING NEW AS NEW FOR EACH ROW
DECLARE valorSecuencia NUMBER := 0;
BEGIN
SELECT SECUENCIA_INSPECCION_PROYECTO.NEXTVAL INTO valorSecuencia FROM DUAL;
:NEW.Id := valorSecuencia;
END;
/
ALTER TRIGGER "CASOVIALIS"."TRIGGER_INSPECCION_PROYECTO_ID" ENABLE;
--------------------------------------------------------
--  DDL for Trigger TRIGGER_MAQUINARIA_PROYECTO_ID
--------------------------------------------------------

  CREATE OR REPLACE TRIGGER "CASOVIALIS"."TRIGGER_MAQUINARIA_PROYECTO_ID" 
BEFORE INSERT ON MAQUINARIA
REFERENCING NEW AS NEW FOR EACH ROW
DECLARE valorSecuencia NUMBER := 0;
BEGIN
SELECT SECUENCIA_MAQUINARIA_PROYECTO.NEXTVAL INTO valorSecuencia FROM DUAL;
:NEW.Id := valorSecuencia;
END;
/
ALTER TRIGGER "CASOVIALIS"."TRIGGER_MAQUINARIA_PROYECTO_ID" ENABLE;
--------------------------------------------------------
--  DDL for Trigger TRIGGER_MATERIAL_PROYECTO_ID
--------------------------------------------------------

  CREATE OR REPLACE TRIGGER "CASOVIALIS"."TRIGGER_MATERIAL_PROYECTO_ID" 
BEFORE INSERT ON MATERIAL
REFERENCING NEW AS NEW FOR EACH ROW
DECLARE valorSecuencia NUMBER := 0;
BEGIN
SELECT SECUENCIA_MATERIAL_PROYECTO.NEXTVAL INTO valorSecuencia FROM DUAL;
:NEW.Id := valorSecuencia;
END;
/
ALTER TRIGGER "CASOVIALIS"."TRIGGER_MATERIAL_PROYECTO_ID" ENABLE;
--------------------------------------------------------
--  DDL for Trigger TRIGGER_PEDIDO_MATERIAL_ID
--------------------------------------------------------

  CREATE OR REPLACE TRIGGER "CASOVIALIS"."TRIGGER_PEDIDO_MATERIAL_ID" 
BEFORE INSERT ON PEDIDO_MATERIAL
REFERENCING NEW AS NEW FOR EACH ROW
DECLARE valorSecuencia NUMBER := 0;
BEGIN
SELECT SECUENCIA_PEDIDO_MATERIAL.NEXTVAL INTO valorSecuencia FROM DUAL;
:NEW.Id := valorSecuencia;
END;
/
ALTER TRIGGER "CASOVIALIS"."TRIGGER_PEDIDO_MATERIAL_ID" ENABLE;
--------------------------------------------------------
--  DDL for Trigger TRIGGER_PROYECTO_ID
--------------------------------------------------------

  CREATE OR REPLACE TRIGGER "CASOVIALIS"."TRIGGER_PROYECTO_ID" 
BEFORE INSERT ON PROYECTO
REFERENCING NEW AS NEW FOR EACH ROW
DECLARE valorSecuencia NUMBER := 0;
BEGIN
SELECT SECUENCIA_PROYECTO.NEXTVAL INTO valorSecuencia FROM DUAL;
:NEW.Id := valorSecuencia;
END;
/
ALTER TRIGGER "CASOVIALIS"."TRIGGER_PROYECTO_ID" ENABLE;
--------------------------------------------------------
--  DDL for Trigger TRIGGER_REUNION_ID
--------------------------------------------------------

  CREATE OR REPLACE TRIGGER "CASOVIALIS"."TRIGGER_REUNION_ID" 
BEFORE INSERT ON REUNION
REFERENCING NEW AS NEW FOR EACH ROW
DECLARE valorSecuencia NUMBER := 0;
BEGIN
SELECT SECUENCIA_REUNION.NEXTVAL INTO valorSecuencia FROM DUAL;
:NEW.Id := valorSecuencia;
END;
/
ALTER TRIGGER "CASOVIALIS"."TRIGGER_REUNION_ID" ENABLE;
--------------------------------------------------------
--  DDL for Trigger TRIGGER_ROLES_ID
--------------------------------------------------------

  CREATE OR REPLACE TRIGGER "CASOVIALIS"."TRIGGER_ROLES_ID" 
BEFORE INSERT ON ROLES
REFERENCING NEW AS NEW FOR EACH ROW
DECLARE valorSecuencia NUMBER := 0;
BEGIN
SELECT SECUENCIA_ROLES.NEXTVAL INTO valorSecuencia FROM DUAL;
:NEW.ID := valorSecuencia;
END;
/
ALTER TRIGGER "CASOVIALIS"."TRIGGER_ROLES_ID" ENABLE;
--------------------------------------------------------
--  DDL for Trigger TRIGGER_SEGUIMIENTO_PROYE_ID
--------------------------------------------------------

  CREATE OR REPLACE TRIGGER "CASOVIALIS"."TRIGGER_SEGUIMIENTO_PROYE_ID" 
BEFORE INSERT ON SEGUIMIENTO_PROYECTO
REFERENCING NEW AS NEW FOR EACH ROW
DECLARE valorSecuencia NUMBER := 0;
BEGIN
SELECT SECUENCIA_SEGUIMIENTO_PROYECTO.NEXTVAL INTO valorSecuencia FROM DUAL;
:NEW.Id := valorSecuencia;
END;
/
ALTER TRIGGER "CASOVIALIS"."TRIGGER_SEGUIMIENTO_PROYE_ID" ENABLE;
--------------------------------------------------------
--  DDL for Trigger TRIGGER_TRABAJADOR_ID
--------------------------------------------------------

  CREATE OR REPLACE TRIGGER "CASOVIALIS"."TRIGGER_TRABAJADOR_ID" 
BEFORE INSERT ON TRABAJADOR
REFERENCING NEW AS NEW FOR EACH ROW
DECLARE valorSecuencia NUMBER := 0;
BEGIN
SELECT SECUENCIA_TRABAJADOR.NEXTVAL INTO valorSecuencia FROM DUAL;
:NEW.Id := valorSecuencia;
END;
/
ALTER TRIGGER "CASOVIALIS"."TRIGGER_TRABAJADOR_ID" ENABLE;
--------------------------------------------------------
--  DDL for Trigger TRIGGER_USUARIO_ID
--------------------------------------------------------

  CREATE OR REPLACE TRIGGER "CASOVIALIS"."TRIGGER_USUARIO_ID" 
BEFORE INSERT ON USUARIO
REFERENCING NEW AS NEW FOR EACH ROW
DECLARE valorSecuencia NUMBER := 0;
BEGIN
SELECT SECUENCIA_USUARIO.NEXTVAL INTO valorSecuencia FROM DUAL;
:NEW.Id := valorSecuencia;
END;
/
ALTER TRIGGER "CASOVIALIS"."TRIGGER_USUARIO_ID" ENABLE;
--------------------------------------------------------
--  Constraints for Table MAQUINARIA
--------------------------------------------------------

  ALTER TABLE "CASOVIALIS"."MAQUINARIA" ADD CONSTRAINT "ID_MAQUINARIA_PK" PRIMARY KEY ("ID")
  USING INDEX PCTFREE 10 INITRANS 2 MAXTRANS 255 COMPUTE STATISTICS NOCOMPRESS LOGGING
  TABLESPACE "USERS"  ENABLE;
 
  ALTER TABLE "CASOVIALIS"."MAQUINARIA" MODIFY ("ID" NOT NULL ENABLE);
--------------------------------------------------------
--  Constraints for Table TRABAJADOR
--------------------------------------------------------

  ALTER TABLE "CASOVIALIS"."TRABAJADOR" ADD CONSTRAINT "ID_TRABAJADOR_PK" PRIMARY KEY ("ID")
  USING INDEX PCTFREE 10 INITRANS 2 MAXTRANS 255 COMPUTE STATISTICS 
  STORAGE(INITIAL 65536 NEXT 1048576 MINEXTENTS 1 MAXEXTENTS 2147483645
  PCTINCREASE 0 FREELISTS 1 FREELIST GROUPS 1 BUFFER_POOL DEFAULT FLASH_CACHE DEFAULT CELL_FLASH_CACHE DEFAULT)
  TABLESPACE "USERS"  ENABLE;
 
  ALTER TABLE "CASOVIALIS"."TRABAJADOR" MODIFY ("ID" NOT NULL ENABLE);
--------------------------------------------------------
--  Constraints for Table HITO
--------------------------------------------------------

  ALTER TABLE "CASOVIALIS"."HITO" ADD CONSTRAINT "ID_HITO_PK" PRIMARY KEY ("ID")
  USING INDEX PCTFREE 10 INITRANS 2 MAXTRANS 255 COMPUTE STATISTICS 
  STORAGE(INITIAL 65536 NEXT 1048576 MINEXTENTS 1 MAXEXTENTS 2147483645
  PCTINCREASE 0 FREELISTS 1 FREELIST GROUPS 1 BUFFER_POOL DEFAULT FLASH_CACHE DEFAULT CELL_FLASH_CACHE DEFAULT)
  TABLESPACE "USERS"  ENABLE;
 
  ALTER TABLE "CASOVIALIS"."HITO" MODIFY ("ID" NOT NULL ENABLE);
--------------------------------------------------------
--  Constraints for Table HERRAMIENTA
--------------------------------------------------------

  ALTER TABLE "CASOVIALIS"."HERRAMIENTA" ADD CONSTRAINT "ID_HERRAMIENTA_PK" PRIMARY KEY ("ID")
  USING INDEX PCTFREE 10 INITRANS 2 MAXTRANS 255 COMPUTE STATISTICS NOCOMPRESS LOGGING
  TABLESPACE "USERS"  ENABLE;
 
  ALTER TABLE "CASOVIALIS"."HERRAMIENTA" MODIFY ("ID" NOT NULL ENABLE);
--------------------------------------------------------
--  Constraints for Table MATERIAL
--------------------------------------------------------

  ALTER TABLE "CASOVIALIS"."MATERIAL" ADD CONSTRAINT "ID_MATERIAL_PK" PRIMARY KEY ("ID")
  USING INDEX PCTFREE 10 INITRANS 2 MAXTRANS 255 COMPUTE STATISTICS NOCOMPRESS LOGGING
  TABLESPACE "USERS"  ENABLE;
 
  ALTER TABLE "CASOVIALIS"."MATERIAL" MODIFY ("ID" NOT NULL ENABLE);
--------------------------------------------------------
--  Constraints for Table ROLES
--------------------------------------------------------

  ALTER TABLE "CASOVIALIS"."ROLES" ADD CONSTRAINT "ROLES_PK" PRIMARY KEY ("ID")
  USING INDEX PCTFREE 10 INITRANS 2 MAXTRANS 255 COMPUTE STATISTICS 
  STORAGE(INITIAL 65536 NEXT 1048576 MINEXTENTS 1 MAXEXTENTS 2147483645
  PCTINCREASE 0 FREELISTS 1 FREELIST GROUPS 1 BUFFER_POOL DEFAULT FLASH_CACHE DEFAULT CELL_FLASH_CACHE DEFAULT)
  TABLESPACE "USERS"  ENABLE;
 
  ALTER TABLE "CASOVIALIS"."ROLES" MODIFY ("ID" NOT NULL ENABLE);
--------------------------------------------------------
--  Constraints for Table REUNION
--------------------------------------------------------

  ALTER TABLE "CASOVIALIS"."REUNION" ADD CONSTRAINT "ID_REUNION_PK" PRIMARY KEY ("ID")
  USING INDEX PCTFREE 10 INITRANS 2 MAXTRANS 255 COMPUTE STATISTICS 
  STORAGE(INITIAL 65536 NEXT 1048576 MINEXTENTS 1 MAXEXTENTS 2147483645
  PCTINCREASE 0 FREELISTS 1 FREELIST GROUPS 1 BUFFER_POOL DEFAULT FLASH_CACHE DEFAULT CELL_FLASH_CACHE DEFAULT)
  TABLESPACE "USERS"  ENABLE;
 
  ALTER TABLE "CASOVIALIS"."REUNION" MODIFY ("ID" NOT NULL ENABLE);
--------------------------------------------------------
--  Constraints for Table HISTORICO_PROYECTO
--------------------------------------------------------

  ALTER TABLE "CASOVIALIS"."HISTORICO_PROYECTO" ADD CONSTRAINT "ID_HISTORICO_PROYECTO_PK" PRIMARY KEY ("ID")
  USING INDEX PCTFREE 10 INITRANS 2 MAXTRANS 255 COMPUTE STATISTICS NOCOMPRESS LOGGING
  TABLESPACE "USERS"  ENABLE;
 
  ALTER TABLE "CASOVIALIS"."HISTORICO_PROYECTO" MODIFY ("ID" NOT NULL ENABLE);
--------------------------------------------------------
--  Constraints for Table INSPECCION_PROYECTO
--------------------------------------------------------

  ALTER TABLE "CASOVIALIS"."INSPECCION_PROYECTO" ADD CONSTRAINT "ID_INSPECCION_PK" PRIMARY KEY ("ID")
  USING INDEX PCTFREE 10 INITRANS 2 MAXTRANS 255 COMPUTE STATISTICS NOCOMPRESS LOGGING
  TABLESPACE "USERS"  ENABLE;
 
  ALTER TABLE "CASOVIALIS"."INSPECCION_PROYECTO" MODIFY ("ID" NOT NULL ENABLE);
--------------------------------------------------------
--  Constraints for Table SEGUIMIENTO_PROYECTO
--------------------------------------------------------

  ALTER TABLE "CASOVIALIS"."SEGUIMIENTO_PROYECTO" ADD CONSTRAINT "ID_SEGUIMIENTO_PK" PRIMARY KEY ("ID")
  USING INDEX PCTFREE 10 INITRANS 2 MAXTRANS 255 COMPUTE STATISTICS NOCOMPRESS LOGGING
  TABLESPACE "USERS"  ENABLE;
 
  ALTER TABLE "CASOVIALIS"."SEGUIMIENTO_PROYECTO" MODIFY ("ID" NOT NULL ENABLE);
--------------------------------------------------------
--  Constraints for Table COTIZACION
--------------------------------------------------------

  ALTER TABLE "CASOVIALIS"."COTIZACION" ADD CONSTRAINT "ID_PK" PRIMARY KEY ("ID")
  USING INDEX PCTFREE 10 INITRANS 2 MAXTRANS 255 COMPUTE STATISTICS 
  STORAGE(INITIAL 65536 NEXT 1048576 MINEXTENTS 1 MAXEXTENTS 2147483645
  PCTINCREASE 0 FREELISTS 1 FREELIST GROUPS 1 BUFFER_POOL DEFAULT FLASH_CACHE DEFAULT CELL_FLASH_CACHE DEFAULT)
  TABLESPACE "USERS"  ENABLE;
 
  ALTER TABLE "CASOVIALIS"."COTIZACION" MODIFY ("ID" NOT NULL ENABLE);
--------------------------------------------------------
--  Constraints for Table PROYECTO
--------------------------------------------------------

  ALTER TABLE "CASOVIALIS"."PROYECTO" ADD CONSTRAINT "ID_PROYECTO_PK" PRIMARY KEY ("ID")
  USING INDEX PCTFREE 10 INITRANS 2 MAXTRANS 255 COMPUTE STATISTICS 
  STORAGE(INITIAL 65536 NEXT 1048576 MINEXTENTS 1 MAXEXTENTS 2147483645
  PCTINCREASE 0 FREELISTS 1 FREELIST GROUPS 1 BUFFER_POOL DEFAULT FLASH_CACHE DEFAULT CELL_FLASH_CACHE DEFAULT)
  TABLESPACE "USERS"  ENABLE;
 
  ALTER TABLE "CASOVIALIS"."PROYECTO" MODIFY ("ID" NOT NULL ENABLE);
--------------------------------------------------------
--  Constraints for Table PEDIDO_MATERIAL
--------------------------------------------------------

  ALTER TABLE "CASOVIALIS"."PEDIDO_MATERIAL" ADD CONSTRAINT "ID_PEDIDO_MATERIAL_PK" PRIMARY KEY ("ID")
  USING INDEX PCTFREE 10 INITRANS 2 MAXTRANS 255 COMPUTE STATISTICS NOCOMPRESS LOGGING
  TABLESPACE "USERS"  ENABLE;
 
  ALTER TABLE "CASOVIALIS"."PEDIDO_MATERIAL" MODIFY ("ID" NOT NULL ENABLE);
--------------------------------------------------------
--  Constraints for Table DOCUMENTO
--------------------------------------------------------

  ALTER TABLE "CASOVIALIS"."DOCUMENTO" ADD CONSTRAINT "ID_DOCUMENTO_PK" PRIMARY KEY ("ID")
  USING INDEX PCTFREE 10 INITRANS 2 MAXTRANS 255 COMPUTE STATISTICS 
  STORAGE(INITIAL 65536 NEXT 1048576 MINEXTENTS 1 MAXEXTENTS 2147483645
  PCTINCREASE 0 FREELISTS 1 FREELIST GROUPS 1 BUFFER_POOL DEFAULT FLASH_CACHE DEFAULT CELL_FLASH_CACHE DEFAULT)
  TABLESPACE "USERS"  ENABLE;
 
  ALTER TABLE "CASOVIALIS"."DOCUMENTO" MODIFY ("ID" NOT NULL ENABLE);
--------------------------------------------------------
--  Constraints for Table USUARIO
--------------------------------------------------------

  ALTER TABLE "CASOVIALIS"."USUARIO" ADD CONSTRAINT "ID_USUARIO_PK" PRIMARY KEY ("ID")
  USING INDEX PCTFREE 10 INITRANS 2 MAXTRANS 255 COMPUTE STATISTICS 
  STORAGE(INITIAL 65536 NEXT 1048576 MINEXTENTS 1 MAXEXTENTS 2147483645
  PCTINCREASE 0 FREELISTS 1 FREELIST GROUPS 1 BUFFER_POOL DEFAULT FLASH_CACHE DEFAULT CELL_FLASH_CACHE DEFAULT)
  TABLESPACE "USERS"  ENABLE;
 
  ALTER TABLE "CASOVIALIS"."USUARIO" MODIFY ("ID" NOT NULL ENABLE);
--------------------------------------------------------
--  Ref Constraints for Table PEDIDO_MATERIAL
--------------------------------------------------------

  ALTER TABLE "CASOVIALIS"."PEDIDO_MATERIAL" ADD CONSTRAINT "FK_PEDIDO_HERRAMIENTA" FOREIGN KEY ("ID")
	  REFERENCES "CASOVIALIS"."HERRAMIENTA" ("ID") ENABLE;
 
  ALTER TABLE "CASOVIALIS"."PEDIDO_MATERIAL" ADD CONSTRAINT "FK_PEDIDO_MAQUINARIA" FOREIGN KEY ("ID")
	  REFERENCES "CASOVIALIS"."MAQUINARIA" ("ID") ENABLE;
 
  ALTER TABLE "CASOVIALIS"."PEDIDO_MATERIAL" ADD CONSTRAINT "FK_PEDIDO_MATERIAL" FOREIGN KEY ("ID")
	  REFERENCES "CASOVIALIS"."MATERIAL" ("ID") ENABLE;
--------------------------------------------------------
--  Ref Constraints for Table PROYECTO
--------------------------------------------------------

  ALTER TABLE "CASOVIALIS"."PROYECTO" ADD CONSTRAINT "FK_PROYECTO_COTIZACION" FOREIGN KEY ("ID")
	  REFERENCES "CASOVIALIS"."COTIZACION" ("ID") DISABLE;
 
  ALTER TABLE "CASOVIALIS"."PROYECTO" ADD CONSTRAINT "FK_PROYECTO_HISTORICO" FOREIGN KEY ("ID")
	  REFERENCES "CASOVIALIS"."HISTORICO_PROYECTO" ("ID") DISABLE;
 
  ALTER TABLE "CASOVIALIS"."PROYECTO" ADD CONSTRAINT "FK_PROYECTO_HITOS" FOREIGN KEY ("ID")
	  REFERENCES "CASOVIALIS"."HITO" ("ID") DISABLE;
 
  ALTER TABLE "CASOVIALIS"."PROYECTO" ADD CONSTRAINT "FK_PROYECTO_INSPECCION" FOREIGN KEY ("ID")
	  REFERENCES "CASOVIALIS"."INSPECCION_PROYECTO" ("ID") DISABLE;
 
  ALTER TABLE "CASOVIALIS"."PROYECTO" ADD CONSTRAINT "FK_PROYECTO_PEDIDO_MATERIAL" FOREIGN KEY ("ID")
	  REFERENCES "CASOVIALIS"."PEDIDO_MATERIAL" ("ID") DISABLE;
 
  ALTER TABLE "CASOVIALIS"."PROYECTO" ADD CONSTRAINT "FK_PROYECTO_SEGUIMIENTO" FOREIGN KEY ("ID")
	  REFERENCES "CASOVIALIS"."SEGUIMIENTO_PROYECTO" ("ID") DISABLE;
--------------------------------------------------------
--  Ref Constraints for Table TRABAJADOR
--------------------------------------------------------

  ALTER TABLE "CASOVIALIS"."TRABAJADOR" ADD CONSTRAINT "FK_TRABAJADOR_USUARIO" FOREIGN KEY ("ID")
	  REFERENCES "CASOVIALIS"."USUARIO" ("ID") DEFERRABLE INITIALLY DEFERRED DISABLE;
